wave,flux
3750.0,391.4841098689347
3750.55,380.74305240592446
3751.1000000000004,343.133020156825
3751.6500000000005,394.3789001905656
3752.2000000000007,451.3743448043246
3752.750000000001,430.2863465534628
3753.300000000001,430.29976734045516
3753.8500000000013,411.04337269211294
3754.4000000000015,383.9832248747065
3754.9500000000016,405.48113792471213
3755.500000000002,395.17083792682007
3756.050000000002,405.36118100222006
3756.600000000002,424.676681408259
3757.1500000000024,420.5497853480907
3757.7000000000025,455.14489739433805
3758.2500000000027,409.1267137282637
3758.800000000003,368.93170766628003
3759.350000000003,429.423665058394
3759.9000000000033,464.9350842485097
3760.4500000000035,446.7835983308949
3761.0000000000036,440.3257705402308
3761.550000000004,396.6653537554746
3762.100000000004,432.44916950884834
3762.650000000004,474.9475863553884
3763.2000000000044,436.279713888351
3763.7500000000045,397.90200554389264
3764.3000000000047,430.23812824379996
3764.850000000005,431.390104858838
3765.400000000005,410.0946051919935
3765.9500000000053,439.6344850128904
3766.5000000000055,426.3826478108174
3767.0500000000056,421.4792384999498
3767.600000000006,447.58629393719445
3768.150000000006,476.0648533146424
3768.700000000006,481.2975906084794
3769.2500000000064,411.46937868755083
3769.8000000000065,377.27107418206936
3770.3500000000067,381.8605753234902
3770.900000000007,371.52207993215393
3771.450000000007,353.77592242223113
3772.0000000000073,316.14821411963777
3772.5500000000075,371.66056850318023
3773.1000000000076,369.9176309435764
3773.650000000008,366.4330227087549
3774.200000000008,396.75536981669086
3774.750000000008,408.9015363147691
3775.3000000000084,375.18325697133224
3775.8500000000085,427.0209025929294
3776.4000000000087,414.87943776346697
3776.950000000009,413.00878541052174
3777.500000000009,510.10688788652874
3778.0500000000093,511.0354602130201
3778.6000000000095,435.97526824770773
3779.1500000000096,420.4581843914848
3779.70000000001,460.66974153637943
3780.25000000001,463.1279731122079
3780.80000000001,466.54172025189246
3781.3500000000104,494.4534975985247
3781.9000000000106,455.1367236765369
3782.4500000000107,459.4672330266261
3783.000000000011,473.6639380613976
3783.550000000011,483.7398345577455
3784.1000000000113,444.396906607082
3784.6500000000115,485.49245694417647
3785.2000000000116,523.5389716714875
3785.750000000012,492.3001875033434
3786.300000000012,445.60390165342324
3786.850000000012,461.8510189293089
3787.4000000000124,455.9953270114088
3787.9500000000126,435.0055793838818
3788.5000000000127,417.52514755144136
3789.050000000013,438.8932350089822
3789.600000000013,434.23501723295965
3790.1500000000133,423.1926490064118
3790.7000000000135,428.10615443835775
3791.2500000000136,449.05492978833956
3791.800000000014,441.86369827265696
3792.350000000014,466.9855036526403
3792.900000000014,435.5598580859516
3793.4500000000144,440.07415725005177
3794.0000000000146,435.77126946646604
3794.5500000000147,416.1385896247654
3795.100000000015,414.8108445933858
3795.650000000015,405.3525329051116
3796.2000000000153,375.7348507180597
3796.7500000000155,374.8968794686466
3797.3000000000156,337.4592202836187
3797.850000000016,344.1522286980717
3798.400000000016,388.61512111071806
3798.950000000016,420.22768332978796
3799.5000000000164,383.73487941360395
3800.0500000000166,388.6820113793145
3800.6000000000167,428.3974798745794
3801.150000000017,426.47211501112463
3801.700000000017,453.122018815909
3802.2500000000173,464.05884714120845
3802.8000000000175,435.90088532828327
3803.3500000000176,409.08249322688454
3803.900000000018,447.7005667538637
3804.450000000018,498.4482315967415
3805.000000000018,461.2493673516685
3805.5500000000184,441.05894121705734
3806.1000000000186,453.82847454592985
3806.6500000000187,408.8997225889014
3807.200000000019,409.19825528891306
3807.750000000019,418.4591956946345
3808.3000000000193,451.3938077277657
3808.8500000000195,460.95000753329356
3809.4000000000196,424.6162749135254
3809.95000000002,431.8701838263505
3810.50000000002,411.78657176232684
3811.05000000002,414.9221349170755
3811.6000000000204,424.89493624384454
3812.1500000000206,409.3995856528596
3812.7000000000207,433.72628685490633
3813.250000000021,447.5342122176488
3813.800000000021,419.04959156983887
3814.3500000000213,379.56624251087953
3814.9000000000215,396.7032782529423
3815.4500000000216,406.60256880602464
3816.000000000022,412.5246560341931
3816.550000000022,383.6304900920653
3817.100000000022,361.80974330506643
3817.6500000000224,383.21219267365296
3818.2000000000226,438.27043881332105
3818.7500000000227,407.11117471049363
3819.300000000023,390.5073448851375
3819.850000000023,378.8117344793503
3820.4000000000233,362.53551845161167
3820.9500000000235,393.85298450022395
3821.5000000000236,404.8232359180001
3822.050000000024,443.92689594807723
3822.600000000024,420.8230079645208
3823.150000000024,364.3213053023714
3823.7000000000244,372.43474767052373
3824.2500000000246,375.2582730609064
3824.8000000000247,376.4541613399641
3825.350000000025,355.9051673427274
3825.900000000025,314.20352168377417
3826.4500000000253,335.59787393777924
3827.0000000000255,363.264890717561
3827.5500000000256,397.5510068513995
3828.100000000026,407.33389902491047
3828.650000000026,443.6232704145733
3829.200000000026,417.176181787887
3829.7500000000264,379.445182519083
3830.3000000000266,375.6399841164938
3830.8500000000267,362.5988417227952
3831.400000000027,379.41644921642626
3831.950000000027,420.126912528164
3832.5000000000273,350.16659559732295
3833.0500000000275,311.7953065945993
3833.6000000000276,336.0997390010617
3834.150000000028,373.9280794753802
3834.700000000028,357.0123384414195
3835.250000000028,335.58634241971333
3835.8000000000284,355.90958581923576
3836.3500000000286,343.75600080396725
3836.9000000000287,357.5486584510131
3837.450000000029,373.5241655754969
3838.000000000029,376.70682896773593
3838.5500000000293,322.57876981640806
3839.1000000000295,335.6752242532815
3839.6500000000296,365.1430830277003
3840.20000000003,365.26083495740727
3840.75000000003,371.7079008317718
3841.30000000003,348.3364426461768
3841.8500000000304,372.8226380812164
3842.4000000000306,374.82544777459555
3842.9500000000307,373.4078747225856
3843.500000000031,366.7319519037263
3844.050000000031,347.47929463084125
3844.6000000000313,414.19560051493045
3845.1500000000315,380.0521351863655
3845.7000000000317,381.42396879830477
3846.250000000032,326.3206224218686
3846.800000000032,289.62649057412364
3847.350000000032,297.96021581697084
3847.9000000000324,324.2633761950284
3848.4500000000326,309.96263363124865
3849.0000000000327,306.40628842189847
3849.550000000033,345.46306630992655
3850.100000000033,296.56283516000315
3850.6500000000333,254.6653248752653
3851.2000000000335,209.67600906446233
3851.7500000000337,297.7711444669842
3852.300000000034,348.9289353228279
3852.850000000034,315.78607952502875
3853.400000000034,309.3084055520002
3853.9500000000344,301.8458684276552
3854.5000000000346,336.1143545472827
3855.0500000000347,320.76278025011663
3855.600000000035,320.5233500839516
3856.150000000035,304.461290094848
3856.7000000000353,350.6200707365256
3857.2500000000355,354.9376496039518
3857.8000000000357,322.91696557903356
3858.350000000036,315.58115986051644
3858.900000000036,301.08970646403486
3859.450000000036,302.6932228215615
3860.0000000000364,271.15594737273636
3860.5500000000366,270.42400382985335
3861.1000000000367,304.9637236361693
3861.650000000037,312.4738638909962
3862.200000000037,336.40799768327463
3862.7500000000373,372.38152087757163
3863.3000000000375,406.75460679498383
3863.8500000000377,436.6328679398929
3864.400000000038,418.83334466312203
3864.950000000038,396.6308550987176
3865.500000000038,386.4750149188879
3866.0500000000384,362.60370111671125
3866.6000000000386,336.9773291555855
3867.1500000000387,351.7559563807803
3867.700000000039,342.106731494295
3868.250000000039,298.87992469597054
3868.8000000000393,292.28225966416977
3869.3500000000395,247.41558122780054
3869.9000000000397,254.45988425661335
3870.45000000004,286.79674786615624
3871.00000000004,225.93855882532483
3871.55000000004,187.5930220182055
3872.1000000000404,220.07070108128843
3872.6500000000406,249.36583070762464
3873.2000000000407,277.9527413798049
3873.750000000041,326.2374543442046
3874.300000000041,348.4325606246281
3874.8500000000413,410.957843266678
3875.4000000000415,403.36134094179454
3875.9500000000417,373.31793088983795
3876.500000000042,382.841732144086
3877.050000000042,396.80758238190185
3877.600000000042,315.27518692378476
3878.1500000000424,332.5731227529154
3878.7000000000426,310.55606579664374
3879.2500000000427,301.95463928016704
3879.800000000043,333.46077404491626
3880.350000000043,299.8234396068998
3880.9000000000433,278.7755308504819
3881.4500000000435,277.2666812449468
3882.0000000000437,229.86281082731222
3882.550000000044,208.77146973436572
3883.100000000044,315.941726083179
3883.650000000044,405.25669606750375
3884.2000000000444,465.37471100737275
3884.7500000000446,572.146780776769
3885.3000000000447,608.0101904679891
3885.850000000045,544.8616974071192
3886.400000000045,550.5959420717046
3886.9500000000453,603.344692588657
3887.5000000000455,559.6749798227984
3888.0500000000457,564.4767053135263
3888.600000000046,519.2666056775345
3889.150000000046,440.7164232772593
3889.700000000046,419.5370953808351
3890.2500000000464,388.50550446335546
3890.8000000000466,438.9201965582826
3891.3500000000467,518.1996721067068
3891.900000000047,536.2273630250537
3892.450000000047,554.4058099056659
3893.0000000000473,521.9676146497457
3893.5500000000475,495.41486157875636
3894.1000000000477,511.5896664025102
3894.650000000048,530.7736194875239
3895.200000000048,535.9231900391652
3895.750000000048,540.106142272984
3896.3000000000484,542.0812735181976
3896.8500000000486,510.14690148665244
3897.4000000000487,533.5315316380106
3897.950000000049,622.4386316032945
3898.500000000049,594.8762994292308
3899.0500000000493,608.3159183196749
3899.6000000000495,589.8306569278041
3900.1500000000497,633.6091526923906
3900.70000000005,607.0593540118634
3901.25000000005,544.3259174355254
3901.80000000005,472.6619940519025
3902.3500000000504,484.0592989962958
3902.9000000000506,492.60154250335256
3903.4500000000507,531.1647694929419
3904.000000000051,565.9973679889143
3904.550000000051,556.8827709549837
3905.1000000000513,511.61458461891243
3905.6500000000515,524.3280372226881
3906.2000000000517,533.0429068047408
3906.750000000052,509.8717678324568
3907.300000000052,576.2541668334969
3907.850000000052,592.6873904638682
3908.4000000000524,561.4430620052857
3908.9500000000526,588.0299279955609
3909.5000000000528,593.036651845106
3910.050000000053,543.7260185596247
3910.600000000053,547.5227013313674
3911.1500000000533,539.5093574016885
3911.7000000000535,534.7522816467095
3912.2500000000537,638.1784474076846
3912.800000000054,717.9043533809318
3913.350000000054,671.5502139497812
3913.900000000054,577.5941188842568
3914.4500000000544,533.1105985524912
3915.0000000000546,501.92383101427544
3915.5500000000548,520.3623490928283
3916.100000000055,595.2089361213345
3916.650000000055,601.7590294940134
3917.2000000000553,649.6829007851538
3917.7500000000555,704.4609516097107
3918.3000000000557,698.9990033775446
3918.850000000056,687.2860088983048
3919.400000000056,648.6276166451171
3919.950000000056,568.8638827661634
3920.5000000000564,509.0759380974616
3921.0500000000566,458.5876895204012
3921.6000000000568,492.3322877467221
3922.150000000057,527.5868474462594
3922.700000000057,589.6571912785942
3923.2500000000573,631.6277482901738
3923.8000000000575,698.514261199486
3924.3500000000577,668.1455250638747
3924.900000000058,712.8767444758556
3925.450000000058,724.9820097437068
3926.000000000058,719.6177590024461
3926.5500000000584,656.965709932595
3927.1000000000586,647.3686704336822
3927.6500000000588,631.2529137591753
3928.200000000059,564.5972695261919
3928.750000000059,597.313011994264
3929.3000000000593,608.8023588954653
3929.8500000000595,597.6055677181816
3930.4000000000597,591.6361034869228
3930.95000000006,619.4818854074477
3931.50000000006,543.8976371539817
3932.05000000006,484.038404549602
3932.6000000000604,405.92159224507293
3933.1500000000606,310.84846878910537
3933.7000000000608,214.2629853828946
3934.250000000061,203.1702977318565
3934.800000000061,231.41872377256306
3935.3500000000613,266.1637998517642
3935.9000000000615,421.28311472435195
3936.4500000000617,442.10699293625413
3937.000000000062,522.0782033259584
3937.550000000062,664.9520367997419
3938.100000000062,674.9174650650883
3938.6500000000624,692.5227076252379
3939.2000000000626,722.1377517541447
3939.7500000000628,772.1673303020016
3940.300000000063,732.1874852166382
3940.850000000063,713.3876175576622
3941.4000000000633,703.4501524442346
3941.9500000000635,708.1260367659361
3942.5000000000637,727.8294391144378
3943.050000000064,688.7726742094546
3943.600000000064,612.0810658268614
3944.150000000064,574.3002498365847
3944.7000000000644,580.2120341855093
3945.2500000000646,645.1903494266398
3945.8000000000648,679.4288094075218
3946.350000000065,673.9313449695808
3946.900000000065,695.0989075903652
3947.4500000000653,737.9249574697892
3948.0000000000655,638.1864293339524
3948.5500000000657,678.3898289945175
3949.100000000066,698.1074682555504
3949.650000000066,728.6315773098488
3950.200000000066,780.3168291950908
3950.7500000000664,774.3084575994559
3951.3000000000666,730.172636701526
3951.8500000000668,708.7608194015386
3952.400000000067,706.6957078257769
3952.950000000067,670.8691688075942
3953.5000000000673,671.6378072927059
3954.0500000000675,764.2073940120738
3954.6000000000677,837.1504955253588
3955.150000000068,814.825671980225
3955.700000000068,837.5963076684396
3956.250000000068,797.9144691118909
3956.8000000000684,794.7897132075999
3957.3500000000686,778.8475256861552
3957.9000000000688,827.8987568548938
3958.450000000069,822.1877064633336
3959.000000000069,786.8363758466631
3959.5500000000693,779.2779385954905
3960.1000000000695,804.6348911934749
3960.6500000000697,811.0209399054845
3961.20000000007,752.5747493156805
3961.75000000007,676.6136568232621
3962.30000000007,653.034703001108
3962.8500000000704,582.2662055238487
3963.4000000000706,621.0528921150274
3963.9500000000708,658.9816970151928
3964.500000000071,690.797237480147
3965.050000000071,760.9610160037947
3965.6000000000713,750.6326679857957
3966.1500000000715,650.978788362442
3966.7000000000717,620.1988113550744
3967.250000000072,552.9086420724204
3967.800000000072,434.361509279275
3968.350000000072,321.0722062309448
3968.9000000000724,292.8285920100167
3969.4500000000726,267.4303306117388
3970.0000000000728,321.6508394266456
3970.550000000073,428.088484840793
3971.100000000073,445.4336002505951
3971.6500000000733,526.8586200055836
3972.2000000000735,598.2292043989928
3972.7500000000737,640.583757965107
3973.300000000074,648.045161665082
3973.850000000074,646.9236124375318
3974.400000000074,698.1169381888766
3974.9500000000744,702.4911906712653
3975.5000000000746,772.4624770668073
3976.0500000000748,808.3214938410973
3976.600000000075,794.3959492203
3977.150000000075,868.8951522291723
3977.7000000000753,867.7399667520789
3978.2500000000755,842.1117643736789
3978.8000000000757,874.0006230155701
3979.350000000076,835.3102270234037
3979.900000000076,892.6472786958775
3980.450000000076,957.2653120440641
3981.0000000000764,908.5306524362504
3981.5500000000766,889.7440494097502
3982.1000000000768,746.2742205318252
3982.650000000077,728.3437547980973
3983.200000000077,725.32226388418
3983.7500000000773,738.596650856319
3984.3000000000775,821.4290169866653
3984.8500000000777,868.4444292996345
3985.400000000078,824.4526804947649
3985.950000000078,830.4474902648562
3986.500000000078,782.3356296360678
3987.0500000000784,790.4899215529249
3987.6000000000786,808.9174782701655
3988.1500000000788,831.8324864262048
3988.700000000079,908.9897920360447
3989.250000000079,939.5394810901525
3989.8000000000793,931.6913278922237
3990.3500000000795,901.2213389989117
3990.9000000000797,844.6394021481109
3991.45000000008,868.4826540468273
3992.00000000008,884.4161205332234
3992.55000000008,900.2307899159332
3993.1000000000804,889.033165327525
3993.6500000000806,787.0372487693041
3994.2000000000808,766.4461801008424
3994.750000000081,821.6480660644809
3995.300000000081,817.61736596125
3995.8500000000813,859.543984163473
3996.4000000000815,918.5268632611478
3996.9500000000817,879.0277605924841
3997.500000000082,844.2740824111047
3998.050000000082,861.9120349666141
3998.600000000082,816.6728067625457
3999.1500000000824,857.7818603936106
3999.7000000000826,862.0093772893348
4000.2500000000828,812.8184405286935
4000.800000000083,729.7793780715535
4001.350000000083,679.3318207191105
4001.9000000000833,762.7498203502646
4002.4500000000835,836.4387296768452
4003.0000000000837,861.1769047883666
4003.550000000084,849.7887777680996
4004.100000000084,903.7272381286784
4004.650000000084,950.6027488014342
4005.2000000000844,926.8942558920736
4005.7500000000846,863.8067262420359
4006.3000000000848,838.9938260028141
4006.850000000085,786.3727148455368
4007.400000000085,808.9288363477345
4007.9500000000853,831.9602611546393
4008.5000000000855,865.7173680807039
4009.0500000000857,913.9766681111113
4009.600000000086,884.5795510542404
4010.150000000086,865.1311636990365
4010.700000000086,902.8373404068604
4011.2500000000864,922.7487195442264
4011.8000000000866,932.7114363561293
4012.3500000000868,936.2597376012384
4012.900000000087,892.6556828921114
4013.450000000087,887.9997758216605
4014.0000000000873,890.6842559552313
4014.5500000000875,896.4216414888411
4015.1000000000877,815.0622329833856
4015.650000000088,823.7648892105788
4016.200000000088,775.6425455378694
4016.750000000088,669.7315120140296
4017.3000000000884,610.3238504129761
4017.8500000000886,650.5707209573761
4018.4000000000888,741.7766119008047
4018.950000000089,801.2229146151534
4019.500000000089,847.4312934148734
4020.0500000000893,790.9566347542127
4020.6000000000895,803.0991989922654
4021.1500000000897,864.838208853895
4021.70000000009,914.9477427278669
4022.25000000009,897.7902961610257
4022.80000000009,917.3314891723943
4023.3500000000904,960.9514820549588
4023.9000000000906,972.4936858035259
4024.4500000000908,919.0159972308005
4025.000000000091,865.1442849470227
4025.550000000091,812.4788795630768
4026.1000000000913,823.370124053464
4026.6500000000915,766.794884261566
4027.2000000000917,778.3457436909594
4027.750000000092,772.8635709020052
4028.300000000092,809.8943335644692
4028.850000000092,906.7511659595311
4029.4000000000924,911.5282376978199
4029.9500000000926,879.9903450076603
4030.5000000000928,864.3348256759757
4031.050000000093,840.4209039570668
4031.600000000093,837.3644026078196
4032.1500000000933,857.6236705273473
4032.7000000000935,811.8436211921587
4033.2500000000937,861.7976534672148
4033.800000000094,761.912501204994
4034.350000000094,640.2375183467414
4034.900000000094,638.1037017920258
4035.4500000000944,628.775411372364
4036.0000000000946,592.9099003139314
4036.5500000000948,686.2752016922367
4037.100000000095,776.9581254802536
4037.650000000095,825.854462223825
4038.2000000000953,893.2510562371172
4038.7500000000955,921.2701389379408
4039.3000000000957,882.5065029760807
4039.850000000096,787.3258047169388
4040.400000000096,746.6110133340379
4040.950000000096,825.0871741672777
4041.5000000000964,898.771422165301
4042.0500000000966,953.0217156267266
4042.6000000000968,907.819505242129
4043.150000000097,943.2393302895111
4043.700000000097,960.9983677471165
4044.2500000000973,906.5704097490141
4044.8000000000975,895.5946224320489
4045.3500000000977,893.5821297727558
4045.900000000098,919.7183959701691
4046.450000000098,876.928546751875
4047.000000000098,824.9021970620444
4047.5500000000984,822.9538507484813
4048.1000000000986,821.4244176498906
4048.6500000000988,810.1803370855272
4049.200000000099,820.3212156483849
4049.750000000099,828.4308683795081
4050.3000000000993,876.2879016622321
4050.8500000000995,926.9568167723546
4051.4000000000997,942.0372594652806
4051.9500000001,932.6168877846832
4052.5000000001,885.576673311706
4053.0500000001,941.4757368970686
4053.6000000001004,919.808937912575
4054.1500000001006,904.4170385590547
4054.7000000001008,874.9040961451826
4055.250000000101,882.4842594802592
4055.800000000101,836.6975431223879
4056.3500000001013,826.6813894788427
4056.9000000001015,870.0309126143047
4057.4500000001017,839.9858902510805
4058.000000000102,818.6590799002433
4058.550000000102,835.2018448340741
4059.100000000102,862.6244509575529
4059.6500000001024,915.2774446945712
4060.2000000001026,944.181759158979
4060.750000000103,992.4595326605568
4061.300000000103,1064.9039031386892
4061.850000000103,1083.6246150773943
4062.4000000001033,1070.4866627542729
4062.9500000001035,1048.5518675335006
4063.5000000001037,1048.9127953669263
4064.050000000104,1049.2224414164803
4064.600000000104,1031.985233968865
4065.1500000001042,970.0157014627481
4065.7000000001044,875.6024423103136
4066.2500000001046,793.7981516159343
4066.800000000105,728.8780017317589
4067.350000000105,740.0877632423951
4067.900000000105,938.6038287668409
4068.4500000001053,989.9478482234208
4069.0000000001055,915.1201508780844
4069.5500000001057,981.37498103252
4070.100000000106,992.1580725423822
4070.650000000106,1058.4222599082646
4071.2000000001062,1063.1030139644565
4071.7500000001064,1020.4531296986822
4072.3000000001066,1033.3084232625772
4072.850000000107,1060.5713313578221
4073.400000000107,1012.1815020583733
4073.950000000107,1024.0511545204522
4074.5000000001073,954.9875661963588
4075.0500000001075,932.0374842887463
4075.6000000001077,938.4181995712713
4076.150000000108,951.8424705020011
4076.700000000108,968.3072450216046
4077.2500000001082,976.44228105398
4077.8000000001084,962.2646654449259
4078.3500000001086,1005.381150372931
4078.900000000109,1002.2691470757
4079.450000000109,1034.0145214864592
4080.000000000109,1040.690027049539
4080.5500000001093,1042.927853194232
4081.1000000001095,1004.0099964739392
4081.6500000001097,1073.9424194888059
4082.20000000011,1091.960598853845
4082.75000000011,1050.229250247846
4083.3000000001102,991.6200568343056
4083.8500000001104,871.0357513567266
4084.4000000001106,791.0802797914422
4084.950000000111,735.0145213371152
4085.500000000111,791.3900283113371
4086.050000000111,892.598759843173
4086.6000000001113,997.89877100675
4087.1500000001115,1083.7621683047878
4087.7000000001117,1111.766311687128
4088.250000000112,1168.987851966886
4088.800000000112,1177.4718762162506
4089.3500000001122,1092.558783436895
4089.9000000001124,1112.6454027887098
4090.4500000001126,1136.8159892200747
4091.000000000113,1086.1393981774254
4091.550000000113,1089.7737079853032
4092.100000000113,1069.0112022118378
4092.6500000001133,1065.616875740204
4093.2000000001135,1105.1402570329747
4093.7500000001137,1051.050749294176
4094.300000000114,1050.1731054283778
4094.850000000114,1009.7225201402927
4095.4000000001142,954.4214775801663
4095.9500000001144,944.1988377373768
4096.500000000115,916.3758756419265
4097.050000000115,917.6518193252449
4097.600000000115,907.0068284146596
4098.150000000115,1000.6558935485496
4098.700000000115,1077.8091412913104
4099.2500000001155,1059.1968929874215
4099.800000000116,960.6243829096205
4100.350000000116,1027.4898826310796
4100.900000000116,903.8568407617067
4101.450000000116,732.688722832861
4102.000000000116,753.6112920093558
4102.550000000117,783.6900307953399
4103.100000000117,791.3906052478358
4103.650000000117,834.9631465228028
4104.200000000117,841.303907183305
4104.750000000117,814.89659769801
4105.3000000001175,856.5402556858814
4105.850000000118,831.0467276089626
4106.400000000118,937.6874390676342
4106.950000000118,1032.50703631884
4107.500000000118,994.0534698517229
4108.050000000118,1019.0316004986947
4108.600000000119,1013.8948969407252
4109.150000000119,972.098327930169
4109.700000000119,995.3714643563673
4110.250000000119,1024.6639458488642
4110.800000000119,990.8462636243066
4111.3500000001195,1025.1952658075556
4111.90000000012,1036.9567095367333
4112.45000000012,1069.554555194023
4113.00000000012,1121.0567422073436
4113.55000000012,1149.615651259257
4114.10000000012,1130.9601055600465
4114.650000000121,1136.660004809418
4115.200000000121,1139.341814305671
4115.750000000121,1173.9113850876342
4116.300000000121,1181.4633914033207
4116.850000000121,1159.0509436408859
4117.4000000001215,1136.5365382926493
4117.950000000122,1150.2267017852632
4118.500000000122,1066.6102765457988
4119.050000000122,1005.8327179735716
4119.600000000122,1033.4524479277866
4120.150000000122,990.8614087392821
4120.700000000123,1015.6650943682198
4121.250000000123,1055.7735256437047
4121.800000000123,1056.774226073031
4122.350000000123,1103.2742099767293
4122.900000000123,1119.7554272482935
4123.4500000001235,1089.3447780714878
4124.000000000124,1053.6072722958468
4124.550000000124,1056.4828633065185
4125.100000000124,980.894335946754
4125.650000000124,905.5524098635381
4126.200000000124,916.2952875702365
4126.750000000125,964.6611516629002
4127.300000000125,988.8974887838051
4127.850000000125,1003.1955687602781
4128.400000000125,1001.7164844546276
4128.950000000125,982.2817923310183
4129.5000000001255,984.1309456142935
4130.050000000126,1016.9043079309249
4130.600000000126,1046.427111432675
4131.150000000126,1065.6952561313267
4131.700000000126,1038.075889757932
4132.250000000126,1055.9508921601475
4132.800000000127,1029.4146469049379
4133.350000000127,973.0827600636837
4133.900000000127,914.4683685760945
4134.450000000127,948.8131983246801
4135.000000000127,949.6977318118537
4135.5500000001275,945.468068026845
4136.100000000128,979.907164098068
4136.650000000128,966.1861058206258
4137.200000000128,1049.1901357935726
4137.750000000128,1073.7228288472693
4138.300000000128,1038.3413077858536
4138.850000000129,1023.2294118447298
4139.400000000129,1007.8676880914606
4139.950000000129,1003.4143099453727
4140.500000000129,1051.6146616134686
4141.050000000129,1066.4497972707347
4141.6000000001295,1096.603522099916
4142.15000000013,1032.3815982803476
4142.70000000013,978.2114453658274
4143.25000000013,989.0291429319284
4143.80000000013,1031.1132076128033
4144.35000000013,1069.818765095086
4144.900000000131,1085.7278831662218
4145.450000000131,1081.9529828930295
4146.000000000131,1047.161970672587
4146.550000000131,1070.7697844426762
4147.100000000131,1093.9411466512747
4147.6500000001315,1136.5057729260664
4148.200000000132,1125.2485179736482
4148.750000000132,1052.6199843856214
4149.300000000132,953.4718657675401
4149.850000000132,900.8822783067736
4150.400000000132,866.8263860584108
4150.950000000133,866.0632887398692
4151.500000000133,928.8345629012391
4152.050000000133,1050.3554607218641
4152.600000000133,1098.5179064198696
4153.150000000133,1004.1739455814354
4153.7000000001335,917.2789118282258
4154.250000000134,894.7790344221701
4154.800000000134,959.6450648364582
4155.350000000134,1008.7782314777353
4155.900000000134,1038.0656333809761
4156.450000000134,1011.6392202449604
4157.000000000135,1079.415015084679
4157.550000000135,1021.8031148267464
4158.100000000135,959.9961677173305
4158.650000000135,1045.061798630683
4159.200000000135,1028.2272676397586
4159.7500000001355,1046.9844775616907
4160.300000000136,1135.5470370226328
4160.850000000136,1155.9039329193515
4161.400000000136,1120.1614175919512
4161.950000000136,1089.0944428231749
4162.500000000136,1085.9881147050946
4163.050000000137,1066.0733400383156
4163.600000000137,1063.688028461786
4164.150000000137,1035.132629595941
4164.700000000137,1044.1711869778092
4165.250000000137,1060.6916048954845
4165.8000000001375,1080.0293527723359
4166.350000000138,1069.8041580644617
4166.900000000138,986.2979664345607
4167.450000000138,916.0893948468206
4168.000000000138,925.4727657357712
4168.550000000138,995.1587350742009
4169.100000000139,1032.0219928369206
4169.650000000139,1066.6194455690443
4170.200000000139,1161.273122794073
4170.750000000139,1154.6191265610034
4171.300000000139,1106.3017314263006
4171.8500000001395,1115.8638259341824
4172.40000000014,1133.360888661516
4172.95000000014,1071.400658905455
4173.50000000014,1108.6244781464543
4174.05000000014,1101.1017291333314
4174.60000000014,1051.3740779005427
4175.150000000141,1057.7851378729724
4175.700000000141,1109.8028894554132
4176.250000000141,1154.3922628578878
4176.800000000141,1117.2792131478848
4177.350000000141,1055.8585972617057
4177.9000000001415,1043.7124256053844
4178.450000000142,1031.513262825276
4179.000000000142,1049.2526772271021
4179.550000000142,1072.3656693158832
4180.100000000142,1034.5738263816947
4180.650000000142,988.6868548995762
4181.200000000143,946.6659166352831
4181.750000000143,1002.5272263994149
4182.300000000143,993.5027294565497
4182.850000000143,1004.5119724518834
4183.400000000143,996.754174525907
4183.9500000001435,987.2088514683632
4184.500000000144,1039.8017577193978
4185.050000000144,1015.2670307907661
4185.600000000144,1077.4863956320614
4186.150000000144,1052.8998903851857
4186.700000000144,958.2724357276843
4187.250000000145,911.447524191359
4187.800000000145,931.2534447923395
4188.350000000145,948.1163284509462
4188.900000000145,1017.277293014964
4189.450000000145,1022.9041427493166
4190.0000000001455,1023.5187384152933
4190.550000000146,1064.2259302052312
4191.100000000146,1073.4096853260378
4191.650000000146,1020.3874368445499
4192.200000000146,1024.007506326064
4192.750000000146,1060.6631677916505
4193.300000000147,1041.5428211288781
4193.850000000147,1008.2837749701298
4194.400000000147,1050.393564175454
4194.950000000147,1022.5022663861153
4195.500000000147,937.0245783820621
4196.0500000001475,879.6514853378986
4196.600000000148,892.4546672077283
4197.150000000148,984.7467831370864
4197.700000000148,961.2958020302036
4198.250000000148,981.8992941166125
4198.800000000148,1060.3343022257363
4199.350000000149,1039.7470824627458
4199.900000000149,1057.8103171957832
4200.450000000149,1065.7585745579952
4201.000000000149,1105.2786725554702
4201.550000000149,1036.8234578929919
4202.1000000001495,1016.3552430925029
4202.65000000015,1065.1403674394082
4203.20000000015,1107.901549394251
4203.75000000015,1180.0964898421275
4204.30000000015,1177.6856755039244
4204.85000000015,1159.535473112034
4205.400000000151,1093.0609604681986
4205.950000000151,1037.2580948646962
4206.500000000151,1093.9077293015487
4207.050000000151,1142.6943327910208
4207.600000000151,1145.056675667513
4208.1500000001515,1149.0977307661246
4208.700000000152,1154.1460166888605
4209.250000000152,1170.5103624116257
4209.800000000152,1202.1848607425854
4210.350000000152,1147.8216262675148
4210.900000000152,1045.830300402458
4211.450000000153,975.7536299961484
4212.000000000153,909.7908693129135
4212.550000000153,960.5793852313818
4213.100000000153,965.2968926327171
4213.650000000153,965.0405993769779
4214.2000000001535,944.336497367641
4214.750000000154,990.1020937781751
4215.300000000154,937.8254459391844
4215.850000000154,934.3361958228705
4216.400000000154,941.5061681618647
4216.950000000154,967.5856234846508
4217.500000000155,1048.442464368855
4218.050000000155,1018.387813644109
4218.600000000155,1066.4378179014886
4219.150000000155,1128.6554375432147
4219.700000000155,1196.4294882601075
4220.2500000001555,1318.3330766046622
4220.800000000156,1291.4722931771735
4221.350000000156,1287.1327699257706
4221.900000000156,1348.4598929049248
4222.450000000156,1309.5637004752857
4223.000000000156,1206.5455956523645
4223.550000000157,1217.9496289827298
4224.100000000157,1201.5756324258987
4224.650000000157,1104.5800818776756
4225.200000000157,1153.9724456890913
4225.750000000157,1213.6745664285231
4226.3000000001575,1175.9509822376629
4226.850000000158,1089.8157442611923
4227.400000000158,1036.9231793424083
4227.950000000158,1156.3104176752706
4228.500000000158,1221.8194369945224
4229.050000000158,1238.661368627113
4229.600000000159,1274.1694402567107
4230.150000000159,1209.1888804656887
4230.700000000159,1102.4377813478336
4231.250000000159,1092.5759815386268
4231.800000000159,1176.9862091876066
4232.3500000001595,1181.5344274166478
4232.90000000016,1173.700769572388
4233.45000000016,1240.071992466143
4234.00000000016,1287.7883905469503
4234.55000000016,1402.6951744753346
4235.10000000016,1450.8448399835654
4235.650000000161,1303.0422190864465
4236.200000000161,1032.7946068121896
4236.750000000161,879.9535752854279
4237.300000000161,839.644263263069
4237.850000000161,868.7553041502497
4238.4000000001615,938.9593195501534
4238.950000000162,948.1133598318988
4239.500000000162,980.6672258850316
4240.050000000162,1107.8156913085113
4240.600000000162,1123.0269745118853
4241.150000000162,1127.5314777481199
4241.700000000163,1173.289400221567
4242.250000000163,995.5537882386782
4242.800000000163,958.8974313978994
4243.350000000163,912.6206086022244
4243.900000000163,878.9182263618286
4244.4500000001635,929.5829768844408
4245.000000000164,1097.3205991309617
4245.550000000164,1242.80936219139
4246.100000000164,1257.4184020338348
4246.650000000164,1302.8524483876713
4247.200000000164,1244.5317540971919
4247.750000000165,1095.4369777650918
4248.300000000165,963.7239925213787
4248.850000000165,842.965404023477
4249.400000000165,824.7297553611472
4249.950000000165,942.0024914077369
4250.5000000001655,1066.9291871813036
4251.050000000166,1180.6814886171883
4251.600000000166,1325.081767555051
4252.150000000166,1273.6426480523148
4252.700000000166,1227.3477801233164
4253.250000000166,1198.7193240242643
4253.800000000167,1074.8277813557802
4254.350000000167,1010.158656455057
4254.900000000167,962.1193940795068
4255.450000000167,925.8626799171354
4256.000000000167,972.4525990029153
4256.5500000001675,1080.0124577895474
4257.100000000168,1214.8640081937983
4257.650000000168,1345.740409093185
4258.200000000168,1275.368866532158
4258.750000000168,1132.4554650249718
4259.300000000168,1093.2261614711247
4259.850000000169,1062.445927367189
4260.400000000169,1139.9335371632542
4260.950000000169,1177.583493567487
4261.500000000169,1104.5374776172382
4262.050000000169,1092.8831247618275
4262.6000000001695,1089.9866179325772
4263.15000000017,1118.1528465223125
4263.70000000017,1068.3073778589373
4264.25000000017,1004.0503694147117
4264.80000000017,973.2797615415764
4265.35000000017,945.6088442321375
4265.900000000171,1006.209020089096
4266.450000000171,1135.0809845011227
4267.000000000171,1070.1457960185137
4267.550000000171,959.4969545923828
4268.100000000171,941.1153128208682
4268.6500000001715,932.28730834048
4269.200000000172,907.6583397760139
4269.750000000172,921.9932118881461
4270.300000000172,860.3675916190413
4270.850000000172,787.2536927712274
4271.400000000172,811.0679535237291
4271.950000000173,856.671567390807
4272.500000000173,896.5525640388241
4273.050000000173,888.7461488618924
4273.600000000173,877.3756980326327
4274.150000000173,930.0949380234301
4274.7000000001735,832.3496012479077
4275.250000000174,768.1361386445708
4275.800000000174,822.84252225041
4276.350000000174,878.4483697825034
4276.900000000174,950.3837848083033
4277.450000000174,1024.6582731912606
4278.000000000175,1086.5695050015183
4278.550000000175,1051.1340332629532
4279.100000000175,972.7863110815781
4279.650000000175,893.4581001206252
4280.200000000175,720.0954525006941
4280.7500000001755,666.5969010981923
4281.300000000176,795.7642736361236
4281.850000000176,921.3168587987434
4282.400000000176,1076.1958979259157
4282.950000000176,1185.1327064375687
4283.500000000176,1181.8536626753544
4284.050000000177,1145.3490057925942
4284.600000000177,1128.103224066186
4285.150000000177,1017.2186262546561
4285.700000000177,809.8826293156385
4286.250000000177,703.3483475100671
4286.8000000001775,749.3878264444163
4287.350000000178,919.0652243889747
4287.900000000178,1018.5079663994773
4288.450000000178,1023.1293923402608
4289.000000000178,1047.977538323806
4289.550000000178,1044.970035380051
4290.100000000179,963.2096666147045
4290.650000000179,981.5476766233776
4291.200000000179,1050.710720198585
4291.750000000179,1137.6067430087458
4292.300000000179,1093.1869646103019
4292.8500000001795,1086.1269730717208
4293.40000000018,1177.625988233743
4293.95000000018,1195.5608094690149
4294.50000000018,1064.911853956934
4295.05000000018,1004.35449417888
4295.60000000018,1067.1777848458487
4296.150000000181,1007.1633964091618
4296.700000000181,874.3872360605183
4297.250000000181,760.4825486540035
4297.800000000181,665.6147028288458
4298.350000000181,646.4499018325365
4298.9000000001815,665.9584002059803
4299.450000000182,655.7950594241115
4300.000000000182,544.5077622816709
4300.550000000182,445.33078514323756
4301.100000000182,497.16444654057506
4301.650000000182,523.3710383808714
4302.200000000183,557.1920787846636
4302.750000000183,584.941232972225
4303.300000000183,562.1354277800517
4303.850000000183,548.6160945292896
4304.400000000183,494.03299111231354
4304.9500000001835,513.0078953907935
4305.500000000184,510.93201684012746
4306.050000000184,528.1364678975714
4306.600000000184,599.2256253950047
4307.150000000184,581.7538910176655
4307.700000000184,583.1709454696693
4308.250000000185,590.7642095593424
4308.800000000185,493.9926264020137
4309.350000000185,414.5807716347091
4309.900000000185,399.1213928265559
4310.450000000185,370.2034059370219
4311.0000000001855,353.2072788507415
4311.550000000186,403.25209068006905
4312.100000000186,374.47640975616275
4312.650000000186,440.5483837626522
4313.200000000186,489.30295470030273
4313.750000000186,584.5039264233633
4314.300000000187,724.7412584121557
4314.850000000187,861.1562222882801
4315.400000000187,1009.4946137408433
4315.950000000187,1110.1281061239729
4316.500000000187,1266.6764356444248
4317.0500000001875,1376.7778273574281
4317.600000000188,1399.6780828218202
4318.150000000188,1445.0376714981226
4318.700000000188,1446.8047236285015
4319.250000000188,1447.2969324267615
4319.800000000188,1532.7528254962199
4320.350000000189,1537.1558871974794
4320.900000000189,1386.972287042659
4321.450000000189,1277.9485707125439
4322.000000000189,1209.131725007947
4322.550000000189,1115.718190683539
4323.1000000001895,867.6273775691014
4323.65000000019,669.0721409523014
4324.20000000019,603.1347309300367
4324.75000000019,523.4147691139946
4325.30000000019,629.6188359064895
4325.85000000019,857.4659119774813
4326.400000000191,925.3152391136366
4326.950000000191,969.7473466312979
4327.500000000191,1046.2452621370167
4328.050000000191,1050.6360131266797
4328.600000000191,990.5628373953912
4329.1500000001915,939.970013962242
4329.700000000192,960.2473629271722
4330.250000000192,989.6475285423355
4330.800000000192,1042.6368915691855
4331.350000000192,1119.7887097085418
4331.900000000192,1124.1752918391212
4332.450000000193,1159.356181914042
4333.000000000193,1151.3590449936987
4333.550000000193,1065.7186022536162
4334.100000000193,1070.8244340775968
4334.650000000193,1054.7144111959021
4335.2000000001935,1031.0732126872188
4335.750000000194,1118.6106795961869
4336.300000000194,1200.3788807363383
4336.850000000194,1162.347131318695
4337.400000000194,1188.7589926393402
4337.950000000194,1029.5465870979501
4338.500000000195,868.0741944762656
4339.050000000195,786.6467128317985
4339.600000000195,809.7399008788377
4340.150000000195,781.7419614226018
4340.700000000195,744.1821928883485
4341.2500000001955,732.5825297998867
4341.800000000196,827.2945403723301
4342.350000000196,936.5517660234045
4342.900000000196,884.2368174033056
4343.450000000196,866.7620921712303
4344.000000000196,1004.9195365412875
4344.550000000197,1107.6757869741482
4345.100000000197,1158.8664040259202
4345.650000000197,1146.32489193634
4346.200000000197,1149.437735058131
4346.750000000197,1152.9273957961846
4347.3000000001975,1081.9165153893653
4347.850000000198,990.1884278091904
4348.400000000198,1037.9570325079726
4348.950000000198,1176.1658935082537
4349.500000000198,1227.6306482569591
4350.050000000198,1236.1438326749653
4350.600000000199,1263.5461840788894
4351.150000000199,1120.886671393448
4351.700000000199,926.3798952174407
4352.250000000199,811.5044580076919
4352.800000000199,773.1653737993854
4353.3500000001995,743.0197623165625
4353.9000000002,778.7413968837673
4354.4500000002,805.8182788330961
4355.0000000002,793.7073761336693
4355.5500000002,710.6272938752031
4356.1000000002,737.3576073630456
4356.650000000201,766.87733093237
4357.200000000201,829.7616145212552
4357.750000000201,879.3821105863453
4358.300000000201,933.0933041960741
4358.850000000201,865.544708289287
4359.4000000002015,836.028763333152
4359.950000000202,880.2597509085444
4360.500000000202,908.5972366880461
4361.050000000202,1026.708087628827
4361.600000000202,1101.3868638907254
4362.150000000202,1056.8656652419704
4362.700000000203,953.8678234049139
4363.250000000203,823.8244570640895
4363.800000000203,748.7766462218437
4364.350000000203,769.6744181505371
4364.900000000203,861.1691727198406
4365.4500000002035,992.409596806598
4366.000000000204,1068.245049591206
4366.550000000204,1051.500586217119
4367.100000000204,908.4495540468024
4367.650000000204,925.8285046962799
4368.200000000204,1028.0689174234028
4368.750000000205,1082.548749291047
4369.300000000205,1067.1003928526072
4369.850000000205,1004.7328692773049
4370.400000000205,938.0637325865832
4370.950000000205,778.4746386647356
4371.500000000206,756.786163869388
4372.050000000206,730.2498763611114
4372.600000000206,723.043413992079
4373.150000000206,823.5040626373083
4373.700000000206,874.1600212427154
4374.2500000002065,898.6271515935199
4374.800000000207,940.6108645688873
4375.350000000207,977.3870872605869
4375.900000000207,988.0974954623877
4376.450000000207,961.4666855714838
4377.000000000207,950.7995757412907
4377.550000000208,968.6605326251836
4378.100000000208,990.3829594320325
4378.650000000208,995.4348122811559
4379.200000000208,1066.8128323867859
4379.750000000208,1060.0133966596932
4380.3000000002085,968.7519868618947
4380.850000000209,991.1284211581681
4381.400000000209,989.3187931003174
4381.950000000209,968.0444826488051
4382.500000000209,910.9157316419396
4383.050000000209,922.4822940914844
4383.60000000021,1047.6441819559145
4384.15000000021,1122.9441364234237
4384.70000000021,1094.6217027547993
4385.25000000021,1047.1838181227397
4385.80000000021,1056.8175203124065
4386.3500000002105,1010.7541734598469
4386.900000000211,988.8331846964442
4387.450000000211,1050.641718756906
4388.000000000211,1086.7149996992468
4388.550000000211,1162.8815608015493
4389.100000000211,1194.4053502946454
4389.650000000212,1182.1864196554363
4390.200000000212,1090.598896577677
4390.750000000212,1057.7084875028654
4391.300000000212,1024.9419750412017
4391.850000000212,1068.7462933243096
4392.4000000002125,1115.677838752053
4392.950000000213,1097.9113357070958
4393.500000000213,1079.746750230259
4394.050000000213,1063.4337653298326
4394.600000000213,1066.3061045974503
4395.150000000213,1128.3168455003247
4395.700000000214,1125.7288073152731
4396.250000000214,1071.0191244735092
4396.800000000214,1119.42635999385
4397.350000000214,1145.0983653541687
4397.900000000214,1113.2333347402773
4398.4500000002145,1076.4437444800476
4399.000000000215,1080.039269760709
4399.550000000215,1037.4809181241246
4400.100000000215,1007.2201536670929
4400.650000000215,1033.2903474494728
4401.200000000215,1056.0449325268585
4401.750000000216,1222.537991783883
4402.300000000216,1284.7031140453819
4402.850000000216,1212.573158594917
4403.400000000216,1172.9582297195411
4403.950000000216,1139.3482130069833
4404.5000000002165,1046.3435389299827
4405.050000000217,1100.6961246440947
4405.600000000217,1171.1574353254523
4406.150000000217,1066.267540504166
4406.700000000217,1124.4386007590388
4407.250000000217,1146.315720762117
4407.800000000218,1248.7927821717387
4408.350000000218,1283.2268422394693
4408.900000000218,1220.026809510373
4409.450000000218,1238.2252251024308
4410.000000000218,1249.8992098892686
4410.5500000002185,1220.2166321071913
4411.100000000219,1333.7827792042358
4411.650000000219,1395.9408756499001
4412.200000000219,1400.5719480660914
4412.750000000219,1442.0415235197856
4413.300000000219,1439.0778918382548
4413.85000000022,1388.8004796937512
4414.40000000022,1340.0331654931622
4414.95000000022,1267.0710160820856
4415.50000000022,1247.5066642084264
4416.05000000022,1234.4732643095142
4416.6000000002205,1178.1474455389084
4417.150000000221,1158.9993032154464
4417.700000000221,1192.4499352105468
4418.250000000221,1245.3752278863872
4418.800000000221,1332.3528095262384
4419.350000000221,1452.865165305786
4419.900000000222,1457.828308322979
4420.450000000222,1555.2892918207926
4421.000000000222,1435.9224063074776
4421.550000000222,1377.1017650029466
4422.100000000222,1384.3476476738276
4422.6500000002225,1390.8408836928845
4423.200000000223,1522.359993833885
4423.750000000223,1625.170155017327
4424.300000000223,1629.1680672950883
4424.850000000223,1603.1304632832714
4425.400000000223,1526.3238955280012
4425.950000000224,1478.5720718533858
4426.500000000224,1447.4860280199357
4427.050000000224,1425.7095749931912
4427.600000000224,1467.3704163804075
4428.150000000224,1538.4440806070147
4428.7000000002245,1556.3127515230988
4429.250000000225,1595.4981684348586
4429.800000000225,1501.9894499092102
4430.350000000225,1429.9661799972018
4430.900000000225,1422.135614993274
4431.450000000225,1591.816763991092
4432.000000000226,1611.116075079786
4432.550000000226,1646.818989831861
4433.100000000226,1690.7885277455514
4433.650000000226,1667.9907156552042
4434.200000000226,1563.8551978928695
4434.7500000002265,1489.9489225908842
4435.300000000227,1455.5847818219722
4435.850000000227,1428.21236678184
4436.400000000227,1454.0874638021278
4436.950000000227,1496.572246670744
4437.500000000227,1638.3146454621533
4438.050000000228,1753.728056648385
4438.600000000228,1782.136767451435
4439.150000000228,1682.368317640684
4439.700000000228,1545.3437872389
4440.250000000228,1480.778086253085
4440.8000000002285,1473.6685585560447
4441.350000000229,1448.8677697239546
4441.900000000229,1497.232140997391
4442.450000000229,1504.5061232637331
4443.000000000229,1553.3699735383389
4443.550000000229,1578.1322679356626
4444.10000000023,1645.8000277548144
4444.65000000023,1712.7531303877095
4445.20000000023,1720.0360258210687
4445.75000000023,1709.935717233896
4446.30000000023,1698.6798304818997
4446.8500000002305,1655.0155153301182
4447.400000000231,1535.7237163135587
4447.950000000231,1518.8495042310415
4448.500000000231,1521.0154364848233
4449.050000000231,1530.6496207712535
4449.600000000231,1581.2583032844639
4450.150000000232,1601.3185074916419
4450.700000000232,1615.0620663551322
4451.250000000232,1685.8112765908772
4451.800000000232,1717.5636128835552
4452.350000000232,1666.0889949031198
4452.9000000002325,1683.390402602009
4453.450000000233,1674.9568764266069
4454.000000000233,1580.7949630157177
4454.550000000233,1515.135236050736
4455.100000000233,1592.1385526542451
4455.650000000233,1559.6959603416387
4456.200000000234,1530.3216368661615
4456.750000000234,1593.9498457963055
4457.300000000234,1645.6250867787844
4457.850000000234,1699.818398981369
4458.400000000234,1683.0899284589987
4458.9500000002345,1724.442903966854
4459.500000000235,1741.7094023524182
4460.050000000235,1785.7419358575248
4460.600000000235,1670.7457297209166
4461.150000000235,1684.3519637327963
4461.700000000235,1645.084439083818
4462.250000000236,1588.3877071459983
4462.800000000236,1560.097689666481
4463.350000000236,1613.6592056785967
4463.900000000236,1685.2263101304175
4464.450000000236,1613.4901339707972
4465.0000000002365,1560.1255915484342
4465.550000000237,1592.456423201337
4466.100000000237,1636.9994054985523
4466.650000000237,1692.4219361408586
4467.200000000237,1701.7710039650951
4467.750000000237,1718.8932949211917
4468.300000000238,1612.4357928363952
4468.850000000238,1540.3316678165063
4469.400000000238,1438.6158317735271
4469.950000000238,1436.533181635357
4470.500000000238,1515.1089158717514
4471.0500000002385,1497.4574640422645
4471.600000000239,1555.3030075198617
4472.150000000239,1611.3119851382717
4472.700000000239,1623.348844937244
4473.250000000239,1624.8786165473755
4473.800000000239,1620.2134279582187
4474.35000000024,1592.7951428864349
4474.90000000024,1551.8172349154643
4475.45000000024,1612.0205719651478
4476.00000000024,1667.2728235805453
4476.55000000024,1687.6228579892488
4477.1000000002405,1658.2107679232568
4477.650000000241,1655.9222745445486
4478.200000000241,1675.4656236758797
4478.750000000241,1691.0460594650797
4479.300000000241,1703.0373977854777
4479.850000000241,1748.044989918818
4480.400000000242,1808.1902715824458
4480.950000000242,1763.9460378478725
4481.500000000242,1753.8147218483018
4482.050000000242,1653.6438664378059
4482.600000000242,1650.62252290224
4483.1500000002425,1691.3807319363925
4483.700000000243,1649.9357271088666
4484.250000000243,1770.2464123508848
4484.800000000243,1694.4834300130988
4485.350000000243,1682.0674248243756
4485.900000000243,1675.5735624543554
4486.450000000244,1671.2832602904678
4487.000000000244,1611.6455430860776
4487.550000000244,1537.400548357905
4488.100000000244,1598.9661540592424
4488.650000000244,1679.4880210211145
4489.2000000002445,1646.5435167260475
4489.750000000245,1670.695189798335
4490.300000000245,1736.7356404482302
4490.850000000245,1751.856873178977
4491.400000000245,1745.3997320294575
4491.950000000245,1794.6478495494007
4492.500000000246,1720.831572246842
4493.050000000246,1637.783195943081
4493.600000000246,1637.0779823945468
4494.150000000246,1697.2826492170743
4494.700000000246,1628.3495003425596
4495.2500000002465,1562.0355930739322
4495.800000000247,1585.5956114026753
4496.350000000247,1573.0645999108592
4496.900000000247,1619.8587894443276
4497.450000000247,1631.1381558812543
4498.000000000247,1719.4210421224943
4498.550000000248,1667.723953811017
4499.100000000248,1655.537087699329
4499.650000000248,1686.862601410307
4500.200000000248,1717.7449493541276
4500.750000000248,1734.6330065437019
4501.3000000002485,1645.2139603845167
4501.850000000249,1631.861102212394
4502.400000000249,1667.6379713298072
4502.950000000249,1629.4465873754596
4503.500000000249,1682.3793961384317
4504.050000000249,1761.2897094498226
4504.60000000025,1773.618196622724
4505.15000000025,1779.9231868354454
4505.70000000025,1814.539868209842
4506.25000000025,1741.1613016046904
4506.80000000025,1692.8754076697726
4507.3500000002505,1791.490987626687
4507.900000000251,1770.6048964874594
4508.450000000251,1833.1347455284772
4509.000000000251,1800.578766293474
4509.550000000251,1794.2301065858373
4510.100000000251,1826.2167420953667
4510.650000000252,1760.9196012663924
4511.200000000252,1739.455346954834
4511.750000000252,1701.0336299529483
4512.300000000252,1584.3916700230602
4512.850000000252,1632.7676269252997
4513.4000000002525,1671.674733925907
4513.950000000253,1682.9499152029753
4514.500000000253,1740.2851605845556
4515.050000000253,1660.3850849569317
4515.600000000253,1657.406805170151
4516.150000000253,1722.529398041987
4516.700000000254,1698.514140310927
4517.250000000254,1670.647393552044
4517.800000000254,1757.1006255282718
4518.350000000254,1747.492249353334
4518.900000000254,1695.953246719669
4519.4500000002545,1778.5483164224324
4520.000000000255,1778.0889199702588
4520.550000000255,1782.2852823501971
4521.100000000255,1817.492835673374
4521.650000000255,1797.0215272769533
4522.200000000255,1751.0007751696419
4522.750000000256,1722.1226651809388
4523.300000000256,1739.3016473270593
4523.850000000256,1718.9206203432404
4524.400000000256,1689.9832167443917
4524.950000000256,1656.582023967604
4525.5000000002565,1721.1907294232656
4526.050000000257,1723.1958707216997
4526.600000000257,1720.1866585447838
4527.150000000257,1703.3681766173113
4527.700000000257,1630.0589841006922
4528.250000000257,1597.9517211243913
4528.800000000258,1678.433454152631
4529.350000000258,1705.5736163356346
4529.900000000258,1737.3396073244414
4530.450000000258,1739.6650809271305
4531.000000000258,1714.550363223836
4531.5500000002585,1754.8854737502427
4532.100000000259,1726.468749005913
4532.650000000259,1678.4689034579674
4533.200000000259,1660.5257782164613
4533.750000000259,1630.3806984536118
4534.300000000259,1653.1006834183263
4534.85000000026,1630.6862341407148
4535.40000000026,1721.314713463515
4535.95000000026,1732.3526278218292
4536.50000000026,1755.964679390479
4537.05000000026,1767.267166613747
4537.6000000002605,1658.1038134481146
4538.150000000261,1769.317640247807
4538.700000000261,1823.7917834577506
4539.250000000261,1790.4499748838202
4539.800000000261,1815.64045722227
4540.350000000261,1840.3339954399862
4540.900000000262,1744.0957692041238
4541.450000000262,1696.2846103019003
4542.000000000262,1667.467576699552
4542.550000000262,1671.2973027559087
4543.100000000262,1695.1145161327584
4543.6500000002625,1818.239495477244
4544.200000000263,1818.3736604522815
4544.750000000263,1825.913153526729
4545.300000000263,1759.856868573656
4545.850000000263,1747.7287835587424
4546.400000000263,1844.7021117110485
4546.950000000264,1823.857877164066
4547.500000000264,1715.2509404699326
4548.050000000264,1755.126894064108
4548.600000000264,1741.2355525876374
4549.150000000264,1647.1844087095906
4549.7000000002645,1602.4862905437203
4550.250000000265,1535.8842428916143
4550.800000000265,1541.1985998136615
4551.350000000265,1652.4702190223243
4551.900000000265,1734.4806365135591
4552.450000000265,1662.0335670443567
4553.000000000266,1638.8427797541685
4553.550000000266,1660.5096074509956
4554.100000000266,1646.1210251946068
4554.650000000266,1682.6094235306036
4555.200000000266,1710.6427358158317
4555.7500000002665,1757.5346202771564
4556.300000000267,1758.8351463844774
4556.850000000267,1741.150474211314
4557.400000000267,1713.5629676085623
4557.950000000267,1734.1622946772595
4558.500000000267,1764.0713816731536
4559.050000000268,1757.3398877519048
4559.600000000268,1688.2025556919366
4560.150000000268,1681.711054844159
4560.700000000268,1685.9908527422
4561.250000000268,1673.7842008221587
4561.8000000002685,1749.0256577178175
4562.350000000269,1783.0372694959249
4562.900000000269,1733.8369631042767
4563.450000000269,1707.2433285784423
4564.000000000269,1705.4468969887942
4564.550000000269,1714.8497546581716
4565.10000000027,1715.7259747411872
4565.65000000027,1725.3006070680408
4566.20000000027,1718.9233519200134
4566.75000000027,1799.237852934983
4567.30000000027,1858.2672506520812
4567.8500000002705,1829.8739745710457
4568.400000000271,1826.4319782556302
4568.950000000271,1758.3169506291952
4569.500000000271,1679.5205227185122
4570.050000000271,1765.4409927082977
4570.600000000271,1722.0389669289661
4571.150000000272,1692.9384611419728
4571.700000000272,1652.904503828363
4572.250000000272,1540.346931441903
4572.800000000272,1540.9604245865817
4573.350000000272,1609.0874048600335
4573.9000000002725,1724.7558880758788
4574.450000000273,1706.7199813257907
4575.000000000273,1693.31971956656
4575.550000000273,1692.1712293007208
4576.100000000273,1701.3082625427533
4576.650000000273,1626.6958714511811
4577.200000000274,1618.4313933190574
4577.750000000274,1671.7400068661204
4578.300000000274,1679.9364756954772
4578.850000000274,1660.0908605449113
4579.400000000274,1653.6207396356222
4579.9500000002745,1623.3110710074084
4580.500000000275,1698.9764730822183
4581.050000000275,1773.8621857073283
4581.600000000275,1724.6008426695503
4582.150000000275,1721.216056595512
4582.700000000275,1695.5889494450826
4583.250000000276,1702.458192915576
4583.800000000276,1665.0580286921427
4584.350000000276,1632.3773399719903
4584.900000000276,1630.713194710016
4585.450000000276,1593.668621379003
4586.0000000002765,1655.356776737068
4586.550000000277,1607.9056783410524
4587.100000000277,1565.3454913782246
4587.650000000277,1628.277410685715
4588.200000000277,1647.8177410781702
4588.750000000277,1654.4948584722465
4589.300000000278,1668.6307212145243
4589.850000000278,1667.5221156429266
4590.400000000278,1679.794250006888
4590.950000000278,1635.0369726529211
4591.500000000278,1615.4840714319107
4592.0500000002785,1605.3322996327825
4592.600000000279,1650.2899590550537
4593.150000000279,1595.369991318189
4593.700000000279,1601.7791666884182
4594.250000000279,1675.2764114558006
4594.800000000279,1695.3667562303153
4595.35000000028,1693.3278411399506
4595.90000000028,1638.77025936927
4596.45000000028,1653.1657164708336
4597.00000000028,1625.2902819819067
4597.55000000028,1639.1409192809888
4598.1000000002805,1610.5916828928935
4598.650000000281,1566.8629822913604
4599.200000000281,1592.8831281778284
4599.750000000281,1662.7748118151162
4600.300000000281,1584.8044855505755
4600.850000000281,1567.3064710324966
4601.400000000282,1527.4045149343474
4601.950000000282,1513.3461044167523
4602.500000000282,1532.9546342378035
4603.050000000282,1526.9163461393061
4603.600000000282,1569.4509157884868
4604.1500000002825,1588.3697290851837
4604.700000000283,1621.6490989547838
4605.250000000283,1580.541946293422
4605.800000000283,1555.3647919904051
4606.350000000283,1593.1465182177453
4606.900000000283,1529.7998782307927
4607.450000000284,1517.260974775219
4608.000000000284,1560.9461446038374
4608.550000000284,1634.7053402233419
4609.100000000284,1673.8007755733674
4609.650000000284,1600.482599928753
4610.2000000002845,1494.229416170835
4610.750000000285,1467.4035789485351
4611.300000000285,1435.9314983080426
4611.850000000285,1500.1544186227418
4612.400000000285,1574.8269770122572
4612.950000000285,1557.62108636116
4613.500000000286,1553.0862928420656
4614.050000000286,1531.1587319405426
4614.600000000286,1509.087960736521
4615.150000000286,1494.8335279716423
4615.700000000286,1541.6529728722128
4616.2500000002865,1525.0795386406623
4616.800000000287,1519.7913725185058
4617.350000000287,1446.3407956462302
4617.900000000287,1450.327377135502
4618.450000000287,1558.7841999803813
4619.000000000287,1535.3209470236156
4619.550000000288,1473.3972092317038
4620.100000000288,1410.1869256027198
4620.650000000288,1423.728180097014
4621.200000000288,1540.511316702577
4621.750000000288,1541.556783565988
4622.3000000002885,1500.32739840987
4622.850000000289,1461.0919451578181
4623.400000000289,1432.6017179374812
4623.950000000289,1401.194383447343
4624.500000000289,1464.2085998493071
4625.050000000289,1494.7674932779676
4625.60000000029,1520.3957372366187
4626.15000000029,1517.979545686944
4626.70000000029,1536.9755149613634
4627.25000000029,1494.8473489372482
4627.80000000029,1461.4532615559401
4628.3500000002905,1392.7160216566313
4628.900000000291,1441.6528233942927
4629.450000000291,1386.3968246092463
4630.000000000291,1350.1266344508635
4630.550000000291,1415.094776784158
4631.100000000291,1451.9857053835399
4631.650000000292,1420.698230809933
4632.200000000292,1382.007416355767
4632.750000000292,1438.3122604279517
4633.300000000292,1453.4647877999419
4633.850000000292,1435.1433336601683
4634.4000000002925,1410.0239945287526
4634.950000000293,1399.5136443985612
4635.500000000293,1365.4750673798085
4636.050000000293,1350.3805257971567
4636.600000000293,1392.5901780594845
4637.150000000293,1410.3888561566837
4637.700000000294,1336.1268974166123
4638.250000000294,1358.9691166789253
4638.800000000294,1461.8004458839425
4639.350000000294,1468.7951147435174
4639.900000000294,1372.4941150360737
4640.4500000002945,1334.371583696529
4641.000000000295,1363.477888325028
4641.550000000295,1463.9312734956293
4642.100000000295,1479.0544040258337
4642.650000000295,1457.9451672593837
4643.200000000295,1433.8793824924933
4643.750000000296,1461.7787404762107
4644.300000000296,1464.5813424032276
4644.850000000296,1417.1378390775983
4645.400000000296,1408.4832583035882
4645.950000000296,1365.7217390062615
4646.5000000002965,1386.389095709595
4647.050000000297,1346.0050147308737
4647.600000000297,1322.1950773204514
4648.150000000297,1323.8340817343233
4648.700000000297,1336.4514055796371
4649.250000000297,1360.6785315708985
4649.800000000298,1390.501274783398
4650.350000000298,1371.6262806718553
4650.900000000298,1377.6007855654743
4651.450000000298,1354.8220390121487
4652.000000000298,1353.1653628671359
4652.5500000002985,1316.5337061710366
4653.100000000299,1322.9584327736536
4653.650000000299,1320.0750325014267
4654.200000000299,1266.1230046046521
4654.750000000299,1247.9363358291287
4655.300000000299,1299.1268382634362
4655.8500000003,1255.3632927735475
4656.4000000003,1279.9965809438643
4656.9500000003,1293.0236479573775
4657.5000000003,1291.435778066746
4658.0500000003,1314.5598597426952
4658.6000000003005,1355.3229821621544
4659.150000000301,1319.8550892625449
4659.700000000301,1252.7069501163244
4660.250000000301,1272.5035302156793
4660.800000000301,1265.1003492118675
4661.350000000301,1334.361532897846
4661.900000000302,1313.0785989818542
4662.450000000302,1306.6088244943485
4663.000000000302,1333.985739873739
4663.550000000302,1286.789191074562
4664.100000000302,1245.724336581001
4664.6500000003025,1308.8354975438604
4665.200000000303,1308.5971144791597
4665.750000000303,1312.1694269973245
4666.300000000303,1321.438156266108
4666.850000000303,1298.1729524301202
4667.400000000303,1275.764195702141
4667.950000000304,1287.6968859932445
4668.500000000304,1280.072790456738
4669.050000000304,1266.722871032935
4669.600000000304,1210.3092098280533
4670.150000000304,1245.604930024841
4670.7000000003045,1214.835391844852
4671.250000000305,1188.3941724147112
4671.800000000305,1195.0599604722916
4672.350000000305,1154.0815543303938
4672.900000000305,1147.279911429526
4673.450000000305,1135.667270654974
4674.000000000306,1190.9374757190517
4674.550000000306,1256.971313073399
4675.100000000306,1210.8128924486095
4675.650000000306,1193.3714763176133
4676.200000000306,1176.792038377815
4676.7500000003065,1126.6273398315907
4677.300000000307,997.6899332126305
4677.850000000307,943.1739678337246
4678.400000000307,985.0308256271582
4678.950000000307,980.9429115184264
4679.500000000307,951.0860518382934
4680.050000000308,997.2555460587481
4680.600000000308,1038.5092602349735
4681.150000000308,1099.879692384854
4681.700000000308,1159.7211232495918
4682.250000000308,1158.4657327132868
4682.8000000003085,1136.199108245609
4683.350000000309,1092.2012228417614
4683.900000000309,979.3278904531787
4684.450000000309,995.7500297164115
4685.000000000309,1035.1921195075831
4685.550000000309,1081.1003729903607
4686.10000000031,1150.2098843062477
4686.65000000031,1253.8130725912138
4687.20000000031,1318.5813641635168
4687.75000000031,1331.3083103331282
4688.30000000031,1282.5058165168239
4688.8500000003105,1277.3046576932024
4689.400000000311,1253.6446619243372
4689.950000000311,1172.8071854353152
4690.500000000311,1228.7498416434023
4691.050000000311,1223.8119166539718
4691.600000000311,1212.983228176182
4692.150000000312,1257.7533566068241
4692.700000000312,1207.6526899199785
4693.250000000312,1157.3933572764663
4693.800000000312,1133.2256611242406
4694.350000000312,1084.7638046293841
4694.9000000003125,1074.4899447389182
4695.450000000313,1058.7804315075923
4696.000000000313,1084.3009342289079
4696.550000000313,936.7210402667225
4697.100000000313,953.3547461914263
4697.650000000313,989.3564259081788
4698.200000000314,1100.169549365712
4698.750000000314,1237.3164640171149
4699.300000000314,1371.1160878771166
4699.850000000314,1467.7401126638297
4700.400000000314,1508.2644332190835
4700.9500000003145,1450.7479279364368
4701.500000000315,1423.733223917026
4702.050000000315,1487.6120550652586
4702.600000000315,1484.4179910962048
4703.150000000315,1397.7032950793132
4703.700000000315,1366.9932676360115
4704.250000000316,1380.1673711002618
4704.800000000316,1377.0043487877595
4705.350000000316,1396.659757848916
4705.900000000316,1408.702593333206
4706.450000000316,1407.9653758008035
4707.0000000003165,1409.5514950849008
4707.550000000317,1404.0675293247223
4708.100000000317,1411.7030959832405
4708.650000000317,1355.1244045106828
4709.200000000317,1390.300466905233
4709.750000000317,1313.0339487972356
4710.300000000318,1379.5701307601505
4710.850000000318,1389.3274344134334
4711.400000000318,1319.2265972443026
4711.950000000318,1300.4706915068746
4712.500000000318,1235.6959209187412
4713.0500000003185,1127.1474468399556
4713.600000000319,1060.2640011433605
4714.150000000319,1027.7662713515465
4714.700000000319,980.3297448567848
4715.250000000319,1042.8012887004927
4715.800000000319,1191.3239337590048
4716.35000000032,1312.817380780119
4716.90000000032,1488.9869841841214
4717.45000000032,1564.8423198819878
4718.00000000032,1577.2463070456893
4718.55000000032,1592.0138997140511
4719.1000000003205,1609.835882571324
4719.650000000321,1531.5509200780357
4720.200000000321,1551.121867313156
4720.750000000321,1534.467987009547
4721.300000000321,1517.7299140181995
4721.850000000321,1510.129663234101
4722.400000000322,1486.4874678092192
4722.950000000322,1483.8492076797247
4723.500000000322,1426.6315967711134
4724.050000000322,1460.5917500999042
4724.600000000322,1565.9187769650543
4725.1500000003225,1570.9515923528988
4725.700000000323,1582.5911832742304
4726.250000000323,1625.494828053827
4726.800000000323,1607.0009713818554
4727.350000000323,1633.1797949090046
4727.900000000323,1601.449089801948
4728.450000000324,1528.8278180715442
4729.000000000324,1534.662458977009
4729.550000000324,1542.6621084794924
4730.100000000324,1511.537588767991
4730.650000000324,1574.5211088467588
4731.2000000003245,1617.1970249785782
4731.750000000325,1624.2035849133667
4732.300000000325,1632.5906324754228
4732.850000000325,1555.450070725305
4733.400000000325,1504.3627075624115
4733.950000000325,1394.7276199097914
4734.500000000326,1316.4824973591972
4735.050000000326,1354.3067292365195
4735.600000000326,1215.1208277548496
4736.150000000326,1081.54073412636
4736.700000000326,1137.0767118589652
4737.2500000003265,1250.3946339257918
4737.800000000327,1446.560402907283
4738.350000000327,1675.4621335271045
4738.900000000327,1814.1678191142967
4739.450000000327,1825.2978637769363
4740.000000000327,1840.8483117472274
4740.550000000328,1906.4446282715055
4741.100000000328,1876.4053771576246
4741.650000000328,1838.0145653766606
4742.200000000328,1837.6618353517674
4742.750000000328,1829.1887146339159
4743.3000000003285,1785.3803597271599
4743.850000000329,1806.6463536144274
4744.400000000329,1814.7582870234341
4744.950000000329,1818.3700948635449
4745.500000000329,1847.2463615195297
4746.050000000329,1907.9118523950597
4746.60000000033,1925.7238383069225
4747.15000000033,1968.240065689416
4747.70000000033,1991.18457278061
4748.25000000033,2009.070521688551
4748.80000000033,1998.1053620861562
4749.3500000003305,1944.3684607130335
4749.900000000331,1947.8687828317732
4750.450000000331,1935.4832577046814
4751.000000000331,1878.587531747083
4751.550000000331,1930.3738705085625
4752.100000000331,1899.932678044274
4752.650000000332,1899.7531195723316
4753.200000000332,1835.5008873172476
4753.750000000332,1866.7997690395118
4754.300000000332,1934.7118884797023
4754.850000000332,1976.8316153000058
4755.4000000003325,1949.5925359488697
4755.950000000333,1923.5155751396665
4756.500000000333,1988.1444030862474
4757.050000000333,1986.0408263928325
4757.600000000333,1917.2923970965248
4758.150000000333,1911.0719141297534
4758.700000000334,1937.2550724423559
4759.250000000334,1960.3715664740232
4759.800000000334,1994.9372258993303
4760.350000000334,2021.609161911205
4760.900000000334,1931.4507721747639
4761.4500000003345,1960.6494744257952
4762.000000000335,1894.5159989085168
4762.550000000335,1909.188646117223
4763.100000000335,1874.696876293432
4763.650000000335,1825.0368042522687
4764.200000000335,1912.2714526425286
4764.750000000336,1902.339471548802
4765.300000000336,1926.2249284938634
4765.850000000336,1904.6618439843219
4766.400000000336,1938.271934977133
4766.950000000336,1922.4367934443026
4767.5000000003365,1946.33397136148
4768.050000000337,1974.5924066252055
4768.600000000337,1932.5084701164046
4769.150000000337,1951.6269346479435
4769.700000000337,1975.2892506947162
4770.250000000337,1950.3432331927747
4770.800000000338,1884.0708454447417
4771.350000000338,1855.8065282318119
4771.900000000338,1809.3770476968575
4772.450000000338,1822.16374803964
4773.000000000338,1838.7337495494937
4773.5500000003385,1875.2362578833756
4774.100000000339,1920.8184142842533
4774.650000000339,1979.4410370786813
4775.200000000339,1950.5569645616906
4775.750000000339,1955.359601521653
4776.300000000339,1946.5276621815474
4776.85000000034,1890.1361767161134
4777.40000000034,1912.1678362380953
4777.95000000034,1924.5085593266137
4778.50000000034,1972.8561251083897
4779.05000000034,1965.2594317846583
4779.6000000003405,1900.3311810405658
4780.150000000341,1929.2677262493307
4780.700000000341,1892.0056118783145
4781.250000000341,1829.95447449317
4781.800000000341,1895.2573704688002
4782.350000000341,1899.827537502806
4782.900000000342,1892.381766174123
4783.450000000342,1876.9107112464549
4784.000000000342,1925.4962922199702
4784.550000000342,1910.883229305863
4785.100000000342,1956.4550665652127
4785.6500000003425,1969.4612635155004
4786.200000000343,1964.413303503895
4786.750000000343,1961.8595871562597
4787.300000000343,1942.5686508451752
4787.850000000343,1973.7945587851227
4788.400000000343,1915.0062683086164
4788.950000000344,1897.4272840452327
4789.500000000344,1886.428367982901
4790.050000000344,1828.1833794884146
4790.600000000344,1937.5781448348612
4791.150000000344,1952.90872982858
4791.7000000003445,1936.5672857597378
4792.250000000345,1946.3139147680172
4792.800000000345,1910.8469745272557
4793.350000000345,1830.7804770686103
4793.900000000345,1835.5677456609703
4794.450000000345,1922.409765201589
4795.000000000346,1895.0181601511558
4795.550000000346,1871.1849932962502
4796.100000000346,1857.214981050559
4796.650000000346,1864.0971149214315
4797.200000000346,1861.677782603497
4797.7500000003465,1859.6486444160942
4798.300000000347,1867.1107923188888
4798.850000000347,1864.0786120979144
4799.400000000347,1925.365548976735
4799.950000000347,1929.9685651753543
4800.500000000347,1847.1451409688893
4801.050000000348,1896.7252074267462
4801.600000000348,1950.6201167012591
4802.150000000348,1990.8785591366657
4802.700000000348,1935.6598197236842
4803.250000000348,1896.1062185920396
4803.8000000003485,1869.0949581923805
4804.350000000349,1793.9678521232026
4804.900000000349,1846.797041414207
4805.450000000349,1899.5381984572311
4806.000000000349,1826.890817290964
4806.550000000349,1848.474484019868
4807.10000000035,1836.9830127457853
4807.65000000035,1864.9454855048152
4808.20000000035,1934.3814538657305
4808.75000000035,1922.7847226138558
4809.30000000035,1946.0918337098174
4809.8500000003505,2012.2157502213981
4810.400000000351,1938.7282437382826
4810.950000000351,1926.0683786665793
4811.500000000351,1875.764897543538
4812.050000000351,1811.150827985416
4812.600000000351,1871.2729216880396
4813.150000000352,1856.562624801441
4813.700000000352,1880.514649863867
4814.250000000352,1892.9326972948497
4814.800000000352,1848.1888572398493
4815.350000000352,1791.248004234164
4815.9000000003525,1779.511493050964
4816.450000000353,1856.2713243227845
4817.000000000353,1923.2063366845568
4817.550000000353,1921.8879400316746
4818.100000000353,1883.869838679786
4818.650000000353,1859.7736433945424
4819.200000000354,1845.5609102004591
4819.750000000354,1877.4753928349287
4820.300000000354,1917.3616706543917
4820.850000000354,1876.3174946715462
4821.400000000354,1855.4500445306212
4821.9500000003545,1814.9568336584023
4822.500000000355,1818.8982085986834
4823.050000000355,1800.3099317938854
4823.600000000355,1780.7125904518803
4824.150000000355,1794.6712485229941
4824.700000000355,1788.8675627923258
4825.250000000356,1854.564783273591
4825.800000000356,1899.3585484269415
4826.350000000356,1801.1919153177382
4826.900000000356,1820.7144310484337
4827.450000000356,1882.7543630636815
4828.0000000003565,1820.4243985653613
4828.550000000357,1804.5142843003764
4829.100000000357,1823.3937596495534
4829.650000000357,1875.1859949936334
4830.200000000357,1916.1869795432776
4830.750000000357,1929.8975051337065
4831.300000000358,1818.5616708086568
4831.850000000358,1722.5030603716903
4832.400000000358,1712.9971048936063
4832.950000000358,1711.8978472040135
4833.500000000358,1706.7999913420767
4834.0500000003585,1815.9048220060963
4834.600000000359,1816.7321943536983
4835.150000000359,1783.1635103767167
4835.700000000359,1742.3355962388641
4836.250000000359,1768.5442500068061
4836.800000000359,1776.6339268667666
4837.35000000036,1755.129843969441
4837.90000000036,1762.1282640704922
4838.45000000036,1751.3919578352447
4839.00000000036,1741.2450646046345
4839.55000000036,1715.5225273062451
4840.1000000003605,1784.4997957805435
4840.650000000361,1708.8581182402504
4841.200000000361,1735.9233070042178
4841.750000000361,1781.9251168204394
4842.300000000361,1758.0554589703906
4842.850000000361,1753.28031910273
4843.400000000362,1693.731183030801
4843.950000000362,1706.2213548316727
4844.500000000362,1815.0105996610437
4845.050000000362,1841.679018487394
4845.600000000362,1876.5114361737578
4846.1500000003625,1805.847278783602
4846.700000000363,1763.140038029549
4847.250000000363,1834.980665326757
4847.800000000363,1785.5829912383224
4848.350000000363,1748.6128033227005
4848.900000000363,1723.9363633213484
4849.450000000364,1728.0169836406412
4850.000000000364,1781.1336003975325
4850.550000000364,1809.074500913696
4851.100000000364,1803.0868837909827
4851.650000000364,1721.855719238279
4852.2000000003645,1687.4755915503608
4852.750000000365,1702.4078422059943
4853.300000000365,1744.572012317746
4853.850000000365,1764.1977284731393
4854.400000000365,1781.0027530598386
4854.950000000365,1795.7030994601369
4855.500000000366,1835.909830616762
4856.050000000366,1839.3465411048137
4856.600000000366,1802.2932103013106
4857.150000000366,1794.353945049217
4857.700000000366,1705.3884317882707
4858.2500000003665,1692.2447703004334
4858.800000000367,1775.1143392061867
4859.350000000367,1721.5052930246243
4859.900000000367,1625.0271340516456
4860.450000000367,1433.4034846670995
4861.000000000367,1220.3252287914706
4861.550000000368,1167.9815436937067
4862.100000000368,1142.980461244462
4862.650000000368,1190.7662439231544
4863.200000000368,1407.9647451273672
4863.750000000368,1696.745550799831
4864.3000000003685,1746.4055932854042
4864.850000000369,1773.4559435913302
4865.400000000369,1865.6590927706447
4865.950000000369,1863.9433696684746
4866.500000000369,1774.7165100372995
4867.050000000369,1746.658772626
4867.60000000037,1743.6750866806399
4868.15000000037,1794.7552904479255
4868.70000000037,1851.6780482575873
4869.25000000037,1841.9863663277138
4869.80000000037,1801.8026718926108
4870.3500000003705,1768.2922329356586
4870.900000000371,1775.5576995008123
4871.450000000371,1721.6055989872257
4872.000000000371,1691.1212212327505
4872.550000000371,1707.1367986950006
4873.100000000371,1779.8507468688324
4873.650000000372,1829.2324492950181
4874.200000000372,1892.8348590346172
4874.750000000372,1855.9334066189638
4875.300000000372,1760.6811838408541
4875.850000000372,1742.8861808861002
4876.4000000003725,1738.0137631825905
4876.950000000373,1817.740227876108
4877.500000000373,1809.952841626154
4878.050000000373,1759.5939205493796
4878.600000000373,1813.9627922798145
4879.150000000373,1824.0346155723744
4879.700000000374,1784.9119410823355
4880.250000000374,1828.458411446461
4880.800000000374,1789.4227191865132
4881.350000000374,1772.9527891899024
4881.900000000374,1783.4139101272654
4882.4500000003745,1771.1356880192268
4883.000000000375,1772.9888663120246
4883.550000000375,1785.8696797533598
4884.100000000375,1785.0902047605007
4884.650000000375,1787.4237571589838
4885.200000000375,1803.1294075411506
4885.750000000376,1799.6512424997318
4886.300000000376,1792.5268922350351
4886.850000000376,1719.1143796500685
4887.400000000376,1744.075315115157
4887.950000000376,1782.0612293498343
4888.5000000003765,1846.108422498788
4889.050000000377,1837.0816654642222
4889.600000000377,1797.4015023989923
4890.150000000377,1822.5404230107724
4890.700000000377,1833.7468529510436
4891.250000000377,1775.1918661224222
4891.800000000378,1768.2565199781159
4892.350000000378,1824.4810956528534
4892.900000000378,1824.1004642229593
4893.450000000378,1886.7170458979426
4894.000000000378,1950.7800640864548
4894.5500000003785,1947.3822875081903
4895.100000000379,1919.434289981929
4895.650000000379,1915.9914726683505
4896.200000000379,1799.6924219041439
4896.750000000379,1820.2737664652577
4897.300000000379,1843.6928590207276
4897.85000000038,1809.6687071937633
4898.40000000038,1840.1779952016107
4898.95000000038,1978.2438578370457
4899.50000000038,1956.0508824993176
4900.05000000038,1856.1261496691322
4900.6000000003805,1825.881361825207
4901.150000000381,1844.8998136817554
4901.700000000381,1818.9669989813067
4902.250000000381,1827.1986350860284
4902.800000000381,1841.2212046519576
4903.350000000381,1797.6158892833723
4903.900000000382,1795.1856576003024
4904.450000000382,1828.8191144478728
4905.000000000382,1831.1922216961102
4905.550000000382,1775.9913716215706
4906.100000000382,1768.3427131520689
4906.6500000003825,1793.4615810591424
4907.200000000383,1756.3696436988475
4907.750000000383,1785.6635479719164
4908.300000000383,1802.214925317578
4908.850000000383,1856.562838997798
4909.400000000383,1850.1460247763923
4909.950000000384,1788.7869520700149
4910.500000000384,1719.9800069732182
4911.050000000384,1634.5043784907248
4911.600000000384,1655.002108626611
4912.150000000384,1743.0283377712258
4912.7000000003845,1772.1464332792289
4913.250000000385,1733.7500196618214
4913.800000000385,1776.3860385347987
4914.350000000385,1789.7419438106845
4914.900000000385,1823.2092935071792
4915.450000000385,1863.7499656195255
4916.000000000386,1859.8292014062092
4916.550000000386,1850.3103182168275
4917.100000000386,1915.5585664182388
4917.650000000386,1868.573664475447
4918.200000000386,1950.3586811324594
4918.7500000003865,1885.1930588269795
4919.300000000387,1835.6253296298796
4919.850000000387,1827.8526004846617
4920.400000000387,1839.4030637252386
4920.950000000387,1820.190955846525
4921.500000000387,1818.8377996886875
4922.050000000388,1786.4527688509802
4922.600000000388,1760.8582502750796
4923.150000000388,1777.6544974214285
4923.700000000388,1852.6987640868451
4924.250000000388,1895.9816985425214
4924.8000000003885,1833.0298324135836
4925.350000000389,1795.1140751373982
4925.900000000389,1833.1133997382854
4926.450000000389,1921.1879740779966
4927.000000000389,1883.170955231517
4927.550000000389,1885.4778321290516
4928.10000000039,1867.2741262222796
4928.65000000039,1850.1406052508537
4929.20000000039,1864.7503432076082
4929.75000000039,1913.0875665311132
4930.30000000039,1917.8606310860741
4930.8500000003905,1829.583157985515
4931.400000000391,1842.3556666257605
4931.950000000391,1825.1342555862407
4932.500000000391,1800.276771539153
4933.050000000391,1725.1503356006333
4933.600000000391,1726.3547716541937
4934.150000000392,1690.440208900643
4934.700000000392,1711.5830197327728
4935.250000000392,1787.7718031005284
4935.800000000392,1823.1767676722004
4936.350000000392,1832.1579935711834
4936.9000000003925,1732.0231953124958
4937.450000000393,1800.516544589194
4938.000000000393,1737.6414312268553
4938.550000000393,1764.436040755067
4939.100000000393,1748.4356483819693
4939.650000000393,1669.0553712412097
4940.200000000394,1701.6007925098102
4940.750000000394,1795.6791929559677
4941.300000000394,1719.951257188488
4941.850000000394,1747.2829595907706
4942.400000000394,1855.2401921773753
4942.9500000003945,1940.2522877925153
4943.500000000395,1970.2554911907932
4944.050000000395,2010.6345304901492
4944.600000000395,2009.1399098423612
4945.150000000395,2006.9659688578508
4945.700000000395,1810.4098846653617
4946.250000000396,1829.903465046903
4946.800000000396,1851.9040145724684
4947.350000000396,1894.3708689962377
4947.900000000396,1972.812745775746
4948.450000000396,1997.6113327417543
4949.0000000003965,1987.306750392916
4949.550000000397,1889.595720183456
